ProbeID,fw_seq,rc_seq
>E20POS39C4B_DEL_neg_probe,GTTCAGCTCCGGGTGTTCCGCGAGTTCCAC,GTGGAACTCGCGGAACACCCGGAGCTGAAC
>E20POS39C4A_DEL_neg_probe,GTCCAGCTCCGGGTGTTCCGCGAGTTCCAC,GTGGAACTCGCGGAACACCCGGAGCTGGAC
>E20POS39C4B_DEL_pos_probe,AGTTCAGCTCCGGGTGTTCGCGAGTTCCAC,GTGGAACTCGCGAACACCCGGAGCTGAACT
>E20POS39C4A_DEL_pos_probe,AGTCCAGCTCCGGGTGTTCGCGAGTTCCAC,GTGGAACTCGCGAACACCCGGAGCTGGACT
>E13POS22_DEL_pos_probe,TCCCGAGGGCAGATCGTTCATGAATCGAGA,TCTCGATTCATGAACGATCTGCCCTCGGGA
>E13POS22_DEL_neg_probe,TCCCGAGGGCAGATCGTGTTCATGAATCGA,TCGATTCATGAACACGATCTGCCCTCGGGA
>E13POS99_DEL_pos_probe,CATCACCTGGCACCCTCCTTTACTTTGTGG,CCACAAAGTAAAGGAGGGTGCCAGGTGATG
>E13POS99_DEL_neg_probe,ATCACCTGGCACCCTCCTTCTACTTTGTGG,CCACAAAGTAGAAGGAGGGTGCCAGGTGAT
>E29POS20_INS_pos_probe,GTACTGGGGCTCTCAGTCACTGGTTCTCAG,CTGAGAACCAGTGACTGAGAGCCCCAGTAC
>E29POS20_INS_neg_probe,GTACTGGGGCTCAGTCACTGGTTCTCAGAG,CTCTGAGAACCAGTGACTGAGCCCCAGTAC
