Name,Sequence
>C4A>allStar1,GACCCCTGTCCAGTGTTAGACAGGA
>C4B>allStar1,GACCTCTCTCCAGTGATACATAGGA
>C4A>allStar3,AAGGCGCCTGTGGACCTGCTCGGTG
>C4B>allStar3,AAGGCCCCTGCGGACCTGCGGGGTG
>C4A>allStar6,GGGTGAGGCGCTCCTGGCAGTGAGC
>C4B>allStar6,GGGTGAGGGGCTCTGGCAGTGAGCC
>C4A>allStar7,GCCTGTGGACCTGCTCGGTGTTGCCCACAACAACCTCATGGCAATGGCCCAGGAGACTGGAGGTGAGGGGTGAGGCGCTCCT
>C4B>allStar7,CCCTGCGGACCTGCGGGGTGTTGCCCACAACAACCTCATGGCAATGGCCCAGGAGACTGGAGGTGAGGGGTGAGGGGCTCTG
>STK19>1,GTCCTCAAGGCCTGTGATGGCCGAC
>STK19>2,GAGACATGAAGATTCTGCTCATCAT
>STK19>3,GTCCCCGGGCGTGCGTGCCCTTGGA
>STK19>4,TGGACCCCTGAGAGGCAGGAGTTAC
>TNXB>1,TTGCAGGGGACAAGTGAGGGAGACT
>TNXB>2,CCGGCCCCCTCCCCAGCCAGGGGGC
>TNXB>3,ATTTGCGACACGGGCTACAGCGGGG
>TNXB>4,GCTGGCTGCGTCCCCAGGCTGAGGT
>HLA-DRA>1,ATGGCCATAAGTGGAGTCCCTGTGC
>HLA-DRA>2,CAGCTTTGAGGCTCAAGGTGCATTG
>HLA-DRA>3,CCTGTGGAACTGAGAGAGCCCAACG
>HLA-DRA>4,GCCCTGGGCCTGACTGTGGGTCTGG
